board_name,board_type,market,source
2025三季报扭亏,unknown,cn,efinance
2025三季报预减,unknown,cn,efinance
2025三季报预增,unknown,cn,efinance
2025中报扭亏,unknown,cn,efinance
2025中报预减,unknown,cn,efinance
2025中报预增,unknown,cn,efinance
3D打印,unknown,cn,efinance
3D摄像头,unknown,cn,efinance
3D玻璃,unknown,cn,efinance
5G概念,unknown,cn,efinance
6G概念,unknown,cn,efinance
AB股,unknown,cn,efinance
AH股,unknown,cn,efinance
AIGC概念,unknown,cn,efinance
AIPC,unknown,cn,efinance
AI制药（医疗）,unknown,cn,efinance
AI应用,unknown,cn,efinance
AI手机,unknown,cn,efinance
AI智能体,unknown,cn,efinance
AI眼镜,unknown,cn,efinance
AI芯片,unknown,cn,efinance
AI语料,unknown,cn,efinance
BC电池,unknown,cn,efinance
C2M概念,unknown,cn,efinance
CAR-T细胞疗法,unknown,cn,efinance
CPO概念,unknown,cn,efinance
CRO,unknown,cn,efinance
ChatGPT概念,unknown,cn,efinance
Chiplet概念,unknown,cn,efinance
DRG/DIP,unknown,cn,efinance
DeepSeek概念,unknown,cn,efinance
EDA概念,unknown,cn,efinance
EDR概念,unknown,cn,efinance
ERP概念,unknown,cn,efinance
ETC,unknown,cn,efinance
F5G概念,unknown,cn,efinance
GDR,unknown,cn,efinance
HJT电池,unknown,cn,efinance
HS300_,unknown,cn,efinance
IGBT概念,unknown,cn,efinance
IPO受益,unknown,cn,efinance
IPv6,unknown,cn,efinance
IT服务Ⅱ,unknown,cn,efinance
IT服务Ⅲ,unknown,cn,efinance
Kimi概念,unknown,cn,efinance
LED,unknown,cn,efinance
LED概念,unknown,cn,efinance
MLCC,unknown,cn,efinance
MLOps概念,unknown,cn,efinance
MSCI中国,unknown,cn,efinance
MicroLED,unknown,cn,efinance
MiniLED,unknown,cn,efinance
NFT概念,unknown,cn,efinance
OLED,unknown,cn,efinance
PCB,unknown,cn,efinance
PEEK材料概念,unknown,cn,efinance
PLC概念,unknown,cn,efinance
PPP模式,unknown,cn,efinance
PVDF概念,unknown,cn,efinance
QFII重仓,unknown,cn,efinance
REITs概念,unknown,cn,efinance
SPD概念,unknown,cn,efinance
ST股,unknown,cn,efinance
Sora概念,unknown,cn,efinance
TOPCon电池,unknown,cn,efinance
UWB概念,unknown,cn,efinance
VPN,unknown,cn,efinance
Web3.0,unknown,cn,efinance
WiFi,unknown,cn,efinance
一带一路,unknown,cn,efinance
一般零售,unknown,cn,efinance
上海板块,unknown,cn,efinance
上海自贸,unknown,cn,efinance
上证180_,unknown,cn,efinance
上证380,unknown,cn,efinance
上证50_,unknown,cn,efinance
专业工程,unknown,cn,efinance
专业服务,unknown,cn,efinance
专业连锁Ⅱ,unknown,cn,efinance
专业连锁Ⅲ,unknown,cn,efinance
专用设备,unknown,cn,efinance
专精特新,unknown,cn,efinance
东北振兴,unknown,cn,efinance
东数西算,unknown,cn,efinance
东方财富热股,unknown,cn,efinance
个护小家电,unknown,cn,efinance
个护用品,unknown,cn,efinance
中俄贸易概念,unknown,cn,efinance
中字头,unknown,cn,efinance
中特估,unknown,cn,efinance
中芯概念,unknown,cn,efinance
中药Ⅱ,unknown,cn,efinance
中药Ⅲ,unknown,cn,efinance
中药概念,unknown,cn,efinance
中证500,unknown,cn,efinance
举牌,unknown,cn,efinance
乘用车,unknown,cn,efinance
乡村振兴,unknown,cn,efinance
乳业,unknown,cn,efinance
乳品,unknown,cn,efinance
云南板块,unknown,cn,efinance
云计算,unknown,cn,efinance
互联医疗,unknown,cn,efinance
互联网服务,unknown,cn,efinance
互联网电商,unknown,cn,efinance
互联网金融,unknown,cn,efinance
交运设备,unknown,cn,efinance
交通运输,unknown,cn,efinance
产业地产,unknown,cn,efinance
京东金融,unknown,cn,efinance
京津冀,unknown,cn,efinance
人力资源服务,unknown,cn,efinance
人工景区,unknown,cn,efinance
人工智能,unknown,cn,efinance
人形机器人,unknown,cn,efinance
人脑工程,unknown,cn,efinance
人造肉,unknown,cn,efinance
仓储物流,unknown,cn,efinance
代糖概念,unknown,cn,efinance
仪器仪表,unknown,cn,efinance
价值股,unknown,cn,efinance
休闲食品,unknown,cn,efinance
会展服务,unknown,cn,efinance
传媒,unknown,cn,efinance
传感器,unknown,cn,efinance
低价股,unknown,cn,efinance
低碳冶金,unknown,cn,efinance
低空经济,unknown,cn,efinance
住宅开发,unknown,cn,efinance
体外诊断,unknown,cn,efinance
体外诊断概念,unknown,cn,efinance
体育Ⅱ,unknown,cn,efinance
体育Ⅲ,unknown,cn,efinance
体育产业,unknown,cn,efinance
供销社概念,unknown,cn,efinance
保健品,unknown,cn,efinance
保险Ⅱ,unknown,cn,efinance
保险Ⅲ,unknown,cn,efinance
信创,unknown,cn,efinance
信托,unknown,cn,efinance
储能概念,unknown,cn,efinance
元件,unknown,cn,efinance
元宇宙概念,unknown,cn,efinance
充电桩,unknown,cn,efinance
光伏主材,unknown,cn,efinance
光伏加工设备,unknown,cn,efinance
光伏发电,unknown,cn,efinance
光伏概念,unknown,cn,efinance
光伏电池组件,unknown,cn,efinance
光伏设备,unknown,cn,efinance
光伏辅材,unknown,cn,efinance
光刻机(胶),unknown,cn,efinance
光学元件,unknown,cn,efinance
光学光电子,unknown,cn,efinance
光通信模块,unknown,cn,efinance
免疫治疗,unknown,cn,efinance
免税概念,unknown,cn,efinance
全息技术,unknown,cn,efinance
公交,unknown,cn,efinance
公用事业,unknown,cn,efinance
公路货运,unknown,cn,efinance
共享经济,unknown,cn,efinance
其他专业工程,unknown,cn,efinance
其他专业服务,unknown,cn,efinance
其他专用设备,unknown,cn,efinance
其他养殖,unknown,cn,efinance
其他农产品加工,unknown,cn,efinance
其他化学制品,unknown,cn,efinance
其他化学原料,unknown,cn,efinance
其他化学纤维,unknown,cn,efinance
其他医疗服务,unknown,cn,efinance
其他塑料制品,unknown,cn,efinance
其他家居用品,unknown,cn,efinance
其他家电Ⅱ,unknown,cn,efinance
其他家电Ⅲ,unknown,cn,efinance
其他小金属,unknown,cn,efinance
其他建材Ⅲ,unknown,cn,efinance
其他数字媒体,unknown,cn,efinance
其他橡胶制品,unknown,cn,efinance
其他汽车零部件,unknown,cn,efinance
其他生物制品,unknown,cn,efinance
其他电子Ⅱ,unknown,cn,efinance
其他电子Ⅲ,unknown,cn,efinance
其他电源设备Ⅱ,unknown,cn,efinance
其他电源设备Ⅲ,unknown,cn,efinance
其他石化,unknown,cn,efinance
其他种植业,unknown,cn,efinance
其他纺织,unknown,cn,efinance
其他能源发电,unknown,cn,efinance
其他自动化设备,unknown,cn,efinance
其他计算机设备,unknown,cn,efinance
其他运输设备,unknown,cn,efinance
其他通信设备,unknown,cn,efinance
其他通用设备,unknown,cn,efinance
其他酒类,unknown,cn,efinance
其他金属新材料,unknown,cn,efinance
其他饰品,unknown,cn,efinance
其他黑色家电,unknown,cn,efinance
养殖业,unknown,cn,efinance
养老概念,unknown,cn,efinance
养老金,unknown,cn,efinance
内蒙古,unknown,cn,efinance
内贸流通,unknown,cn,efinance
军工,unknown,cn,efinance
军工电子Ⅱ,unknown,cn,efinance
军工电子Ⅲ,unknown,cn,efinance
军民融合,unknown,cn,efinance
农业种植,unknown,cn,efinance
农业综合Ⅱ,unknown,cn,efinance
农业综合Ⅲ,unknown,cn,efinance
农产品加工,unknown,cn,efinance
农化制品,unknown,cn,efinance
农商行Ⅲ,unknown,cn,efinance
农林牧渔,unknown,cn,efinance
农用机械,unknown,cn,efinance
农药,unknown,cn,efinance
农药兽药,unknown,cn,efinance
冰洗,unknown,cn,efinance
冰雪经济,unknown,cn,efinance
冶钢原料,unknown,cn,efinance
冶钢辅料,unknown,cn,efinance
冷链物流,unknown,cn,efinance
净水概念,unknown,cn,efinance
减肥药,unknown,cn,efinance
减速器,unknown,cn,efinance
出版,unknown,cn,efinance
刀片电池,unknown,cn,efinance
分立器件,unknown,cn,efinance
创业成份,unknown,cn,efinance
创业板综,unknown,cn,efinance
创投,unknown,cn,efinance
创新医疗服务,unknown,cn,efinance
创新药,unknown,cn,efinance
制冷空调设备,unknown,cn,efinance
券商概念,unknown,cn,efinance
动力煤,unknown,cn,efinance
动力电池回收,unknown,cn,efinance
动物保健Ⅱ,unknown,cn,efinance
动物保健Ⅲ,unknown,cn,efinance
包装印刷,unknown,cn,efinance
包装材料,unknown,cn,efinance
化债(AMC)概念,unknown,cn,efinance
化妆品,unknown,cn,efinance
化妆品制造及其他,unknown,cn,efinance
化妆品概念,unknown,cn,efinance
化学制剂,unknown,cn,efinance
化学制品,unknown,cn,efinance
化学制药,unknown,cn,efinance
化学原料,unknown,cn,efinance
化学工程,unknown,cn,efinance
化学纤维,unknown,cn,efinance
化工原料,unknown,cn,efinance
北交所概念,unknown,cn,efinance
北京板块,unknown,cn,efinance
北斗导航,unknown,cn,efinance
区块链,unknown,cn,efinance
医废处理,unknown,cn,efinance
医疗器械,unknown,cn,efinance
医疗器械概念,unknown,cn,efinance
医疗服务,unknown,cn,efinance
医疗研发外包,unknown,cn,efinance
医疗美容,unknown,cn,efinance
医疗耗材,unknown,cn,efinance
医疗设备,unknown,cn,efinance
医美概念,unknown,cn,efinance
医美耗材,unknown,cn,efinance
医药商业,unknown,cn,efinance
医药流通,unknown,cn,efinance
医药生物,unknown,cn,efinance
医院,unknown,cn,efinance
半导体,unknown,cn,efinance
半导体材料,unknown,cn,efinance
半导体概念,unknown,cn,efinance
半导体设备,unknown,cn,efinance
华为昇腾,unknown,cn,efinance
华为概念,unknown,cn,efinance
华为欧拉,unknown,cn,efinance
华为汽车,unknown,cn,efinance
华为海思,unknown,cn,efinance
单抗概念,unknown,cn,efinance
卫星互联网,unknown,cn,efinance
卫浴制品,unknown,cn,efinance
卫浴电器,unknown,cn,efinance
印制电路板,unknown,cn,efinance
印刷,unknown,cn,efinance
印刷包装机械,unknown,cn,efinance
印染,unknown,cn,efinance
原料药,unknown,cn,efinance
原材料供应链服务,unknown,cn,efinance
厨卫电器,unknown,cn,efinance
厨房小家电,unknown,cn,efinance
厨房电器,unknown,cn,efinance
参股保险,unknown,cn,efinance
参股券商,unknown,cn,efinance
参股新三板,unknown,cn,efinance
参股期货,unknown,cn,efinance
参股银行,unknown,cn,efinance
反内卷概念,unknown,cn,efinance
发电机概念,unknown,cn,efinance
可控核聚变,unknown,cn,efinance
可燃冰,unknown,cn,efinance
合成树脂,unknown,cn,efinance
合成生物,unknown,cn,efinance
吉林板块,unknown,cn,efinance
同步磁阻电机,unknown,cn,efinance
周期股,unknown,cn,efinance
味蕾经济,unknown,cn,efinance
品牌化妆品,unknown,cn,efinance
品牌消费电子,unknown,cn,efinance
商业地产,unknown,cn,efinance
商业物业经营,unknown,cn,efinance
商业航天,unknown,cn,efinance
商汤概念,unknown,cn,efinance
商用车,unknown,cn,efinance
商用载客车,unknown,cn,efinance
商用载货车,unknown,cn,efinance
商贸零售,unknown,cn,efinance
啤酒,unknown,cn,efinance
啤酒概念,unknown,cn,efinance
噪声防治,unknown,cn,efinance
四川板块,unknown,cn,efinance
园林工程,unknown,cn,efinance
固废治理,unknown,cn,efinance
固态电池,unknown,cn,efinance
国产芯片,unknown,cn,efinance
国产软件,unknown,cn,efinance
国有大型银行Ⅲ,unknown,cn,efinance
国资云概念,unknown,cn,efinance
国防军工,unknown,cn,efinance
国际工程,unknown,cn,efinance
图片媒体,unknown,cn,efinance
土地流转,unknown,cn,efinance
土壤修复,unknown,cn,efinance
在线教育,unknown,cn,efinance
地下管网,unknown,cn,efinance
地摊经济,unknown,cn,efinance
地热能,unknown,cn,efinance
地面兵装Ⅱ,unknown,cn,efinance
地面兵装Ⅲ,unknown,cn,efinance
垂直应用软件,unknown,cn,efinance
垃圾分类,unknown,cn,efinance
城商行Ⅲ,unknown,cn,efinance
培育钻石,unknown,cn,efinance
培训教育,unknown,cn,efinance
基因测序,unknown,cn,efinance
基建市政工程,unknown,cn,efinance
基础化工,unknown,cn,efinance
基础建设,unknown,cn,efinance
基金重仓,unknown,cn,efinance
塑料,unknown,cn,efinance
塑料包装,unknown,cn,efinance
增强现实,unknown,cn,efinance
复合肥,unknown,cn,efinance
复合集流体,unknown,cn,efinance
多业态零售,unknown,cn,efinance
多元金融,unknown,cn,efinance
多模态AI,unknown,cn,efinance
大众出版,unknown,cn,efinance
大宗用纸,unknown,cn,efinance
大数据,unknown,cn,efinance
大气治理,unknown,cn,efinance
大飞机,unknown,cn,efinance
天津板块,unknown,cn,efinance
天然气,unknown,cn,efinance
央国企改革,unknown,cn,efinance
央视50_,unknown,cn,efinance
娃哈哈概念,unknown,cn,efinance
娱乐用品,unknown,cn,efinance
婴童概念,unknown,cn,efinance
存储芯片,unknown,cn,efinance
学历教育,unknown,cn,efinance
宁夏板块,unknown,cn,efinance
宁组合,unknown,cn,efinance
安徽板块,unknown,cn,efinance
安防概念,unknown,cn,efinance
安防设备,unknown,cn,efinance
定制家居,unknown,cn,efinance
宠物经济,unknown,cn,efinance
宠物食品,unknown,cn,efinance
家居用品,unknown,cn,efinance
家用电器,unknown,cn,efinance
家电零部件Ⅱ,unknown,cn,efinance
家电零部件Ⅲ,unknown,cn,efinance
家纺,unknown,cn,efinance
富士康,unknown,cn,efinance
富时罗素,unknown,cn,efinance
小家电,unknown,cn,efinance
小盘股,unknown,cn,efinance
小米概念,unknown,cn,efinance
小米汽车,unknown,cn,efinance
小红书概念,unknown,cn,efinance
小金属,unknown,cn,efinance
小金属概念,unknown,cn,efinance
尾气治理,unknown,cn,efinance
屏下摄像,unknown,cn,efinance
山东板块,unknown,cn,efinance
山西板块,unknown,cn,efinance
工业互联,unknown,cn,efinance
工业大麻,unknown,cn,efinance
工业母机,unknown,cn,efinance
工业气体,unknown,cn,efinance
工业金属,unknown,cn,efinance
工控设备,unknown,cn,efinance
工程咨询服务Ⅱ,unknown,cn,efinance
工程咨询服务Ⅲ,unknown,cn,efinance
工程建设,unknown,cn,efinance
工程机械,unknown,cn,efinance
工程机械器件,unknown,cn,efinance
工程机械整机,unknown,cn,efinance
工程机械概念,unknown,cn,efinance
并购重组概念,unknown,cn,efinance
幽门螺杆菌概念,unknown,cn,efinance
广东板块,unknown,cn,efinance
广告媒体,unknown,cn,efinance
广告营销,unknown,cn,efinance
广电,unknown,cn,efinance
广西板块,unknown,cn,efinance
底盘与发动机系统,unknown,cn,efinance
建筑材料,unknown,cn,efinance
建筑节能,unknown,cn,efinance
建筑装饰,unknown,cn,efinance
彩电,unknown,cn,efinance
彩票概念,unknown,cn,efinance
影视动漫制作,unknown,cn,efinance
影视概念,unknown,cn,efinance
影视院线,unknown,cn,efinance
微利股,unknown,cn,efinance
微盘精选,unknown,cn,efinance
微盘股,unknown,cn,efinance
快手概念,unknown,cn,efinance
快递,unknown,cn,efinance
快递概念,unknown,cn,efinance
成品家居,unknown,cn,efinance
成渝特区,unknown,cn,efinance
户外露营,unknown,cn,efinance
房产租赁经纪,unknown,cn,efinance
房地产,unknown,cn,efinance
房地产开发,unknown,cn,efinance
房地产服务,unknown,cn,efinance
房地产综合服务,unknown,cn,efinance
房屋建设Ⅱ,unknown,cn,efinance
房屋建设Ⅲ,unknown,cn,efinance
房屋检测,unknown,cn,efinance
托育服务,unknown,cn,efinance
抖音小店,unknown,cn,efinance
抖音概念(字节概念),unknown,cn,efinance
抗菌面料,unknown,cn,efinance
抽水蓄能,unknown,cn,efinance
拼多多概念,unknown,cn,efinance
换电概念,unknown,cn,efinance
摩托车,unknown,cn,efinance
摩托车及其他,unknown,cn,efinance
改性塑料,unknown,cn,efinance
教育,unknown,cn,efinance
教育出版,unknown,cn,efinance
教育运营及其他,unknown,cn,efinance
数字哨兵,unknown,cn,efinance
数字媒体,unknown,cn,efinance
数字孪生,unknown,cn,efinance
数字水印,unknown,cn,efinance
数字经济,unknown,cn,efinance
数字芯片设计,unknown,cn,efinance
数字货币,unknown,cn,efinance
数字阅读,unknown,cn,efinance
数据中心,unknown,cn,efinance
数据安全,unknown,cn,efinance
数据确权,unknown,cn,efinance
数据要素,unknown,cn,efinance
文化用品,unknown,cn,efinance
文娱消费,unknown,cn,efinance
文娱用品,unknown,cn,efinance
文字媒体,unknown,cn,efinance
新型城镇化,unknown,cn,efinance
新型工业化,unknown,cn,efinance
新材料,unknown,cn,efinance
新消费,unknown,cn,efinance
新疆板块,unknown,cn,efinance
新能源,unknown,cn,efinance
新能源车,unknown,cn,efinance
新零售,unknown,cn,efinance
旅游及景区,unknown,cn,efinance
旅游概念,unknown,cn,efinance
旅游综合,unknown,cn,efinance
旅游酒店,unknown,cn,efinance
旅游零售Ⅱ,unknown,cn,efinance
旅游零售Ⅲ,unknown,cn,efinance
无人机,unknown,cn,efinance
无人驾驶,unknown,cn,efinance
无机盐,unknown,cn,efinance
无线充电,unknown,cn,efinance
无线耳机,unknown,cn,efinance
时空大数据,unknown,cn,efinance
星闪概念,unknown,cn,efinance
昨日打二板以上表现,unknown,cn,efinance
昨日涨停,unknown,cn,efinance
昨日涨停_含一字,unknown,cn,efinance
昨日炸板,unknown,cn,efinance
昨日触板,unknown,cn,efinance
昨日连板,unknown,cn,efinance
昨日连板_含一字,unknown,cn,efinance
昨日首板,unknown,cn,efinance
昨日高振幅,unknown,cn,efinance
昨日高换手,unknown,cn,efinance
显示技术,unknown,cn,efinance
普钢,unknown,cn,efinance
智慧城市,unknown,cn,efinance
智慧政务,unknown,cn,efinance
智慧灯杆,unknown,cn,efinance
智能家居,unknown,cn,efinance
智能电网,unknown,cn,efinance
智能电视,unknown,cn,efinance
智能穿戴,unknown,cn,efinance
智谱AI,unknown,cn,efinance
最近多板,unknown,cn,efinance
有机硅,unknown,cn,efinance
有机硅概念,unknown,cn,efinance
有色金属,unknown,cn,efinance
服装家纺,unknown,cn,efinance
期货,unknown,cn,efinance
机器人,unknown,cn,efinance
机器人执行器,unknown,cn,efinance
机器人概念,unknown,cn,efinance
机器视觉,unknown,cn,efinance
机场,unknown,cn,efinance
机床工具,unknown,cn,efinance
机构重仓,unknown,cn,efinance
机械设备,unknown,cn,efinance
板材,unknown,cn,efinance
林业Ⅱ,unknown,cn,efinance
林业Ⅲ,unknown,cn,efinance
果蔬加工,unknown,cn,efinance
柔性屏(折叠屏),unknown,cn,efinance
标准普尔,unknown,cn,efinance
核力发电,unknown,cn,efinance
核污染防治,unknown,cn,efinance
核能核电,unknown,cn,efinance
检测服务,unknown,cn,efinance
棉纺,unknown,cn,efinance
植物照明,unknown,cn,efinance
楼宇设备,unknown,cn,efinance
模拟芯片设计,unknown,cn,efinance
横向通用软件,unknown,cn,efinance
橡胶,unknown,cn,efinance
橡胶助剂,unknown,cn,efinance
次新股,unknown,cn,efinance
毛发医疗,unknown,cn,efinance
毫米波概念,unknown,cn,efinance
民爆制品,unknown,cn,efinance
民爆概念,unknown,cn,efinance
气溶胶检测,unknown,cn,efinance
氟化工,unknown,cn,efinance
氟化工概念,unknown,cn,efinance
氢能源,unknown,cn,efinance
氦气概念,unknown,cn,efinance
氨纶,unknown,cn,efinance
氮化镓,unknown,cn,efinance
氮肥,unknown,cn,efinance
氯碱,unknown,cn,efinance
水产养殖,unknown,cn,efinance
水产概念,unknown,cn,efinance
水产饲料,unknown,cn,efinance
水利建设,unknown,cn,efinance
水力发电,unknown,cn,efinance
水务及水治理,unknown,cn,efinance
水泥,unknown,cn,efinance
水泥制品,unknown,cn,efinance
水泥制造,unknown,cn,efinance
江苏板块,unknown,cn,efinance
江西板块,unknown,cn,efinance
汽车,unknown,cn,efinance
汽车一体化压铸,unknown,cn,efinance
汽车拆解,unknown,cn,efinance
汽车整车,unknown,cn,efinance
汽车服务,unknown,cn,efinance
汽车热管理,unknown,cn,efinance
汽车电子电气系统,unknown,cn,efinance
汽车经销商,unknown,cn,efinance
汽车综合服务,unknown,cn,efinance
汽车芯片,unknown,cn,efinance
汽车零部件,unknown,cn,efinance
沪企改革,unknown,cn,efinance
沪股通,unknown,cn,efinance
河北板块,unknown,cn,efinance
河南板块,unknown,cn,efinance
油品石化贸易,unknown,cn,efinance
油服工程,unknown,cn,efinance
油气及炼化工程,unknown,cn,efinance
油气开采Ⅱ,unknown,cn,efinance
油气开采Ⅲ,unknown,cn,efinance
油气设服,unknown,cn,efinance
油气资源,unknown,cn,efinance
油田服务,unknown,cn,efinance
注册制次新股,unknown,cn,efinance
洗护用品,unknown,cn,efinance
流感,unknown,cn,efinance
浙江板块,unknown,cn,efinance
海南板块,unknown,cn,efinance
海南自贸,unknown,cn,efinance
海工装备,unknown,cn,efinance
海洋捕捞,unknown,cn,efinance
海洋经济,unknown,cn,efinance
海绵城市,unknown,cn,efinance
涂料,unknown,cn,efinance
涂料油墨,unknown,cn,efinance
消毒剂,unknown,cn,efinance
消费电子,unknown,cn,efinance
消费电子概念,unknown,cn,efinance
消费电子零部件及组装,unknown,cn,efinance
涤纶,unknown,cn,efinance
液冷概念,unknown,cn,efinance
深圳特区,unknown,cn,efinance
深成500,unknown,cn,efinance
深股通,unknown,cn,efinance
深证100R,unknown,cn,efinance
混合现实,unknown,cn,efinance
清洁小家电,unknown,cn,efinance
渔业,unknown,cn,efinance
港口,unknown,cn,efinance
游戏Ⅱ,unknown,cn,efinance
游戏Ⅲ,unknown,cn,efinance
湖北板块,unknown,cn,efinance
湖北自贸,unknown,cn,efinance
湖南板块,unknown,cn,efinance
滨海新区,unknown,cn,efinance
激光设备,unknown,cn,efinance
激光雷达,unknown,cn,efinance
火力发电,unknown,cn,efinance
火电设备,unknown,cn,efinance
炭黑,unknown,cn,efinance
炼化及贸易,unknown,cn,efinance
炼油化工,unknown,cn,efinance
烘焙食品,unknown,cn,efinance
热力服务,unknown,cn,efinance
焦炭Ⅱ,unknown,cn,efinance
焦炭Ⅲ,unknown,cn,efinance
焦煤,unknown,cn,efinance
煤化工,unknown,cn,efinance
煤化工概念,unknown,cn,efinance
煤炭,unknown,cn,efinance
煤炭开采,unknown,cn,efinance
照明设备Ⅱ,unknown,cn,efinance
照明设备Ⅲ,unknown,cn,efinance
熔盐储能,unknown,cn,efinance
熟食,unknown,cn,efinance
燃料电池,unknown,cn,efinance
燃料电池概念,unknown,cn,efinance
燃气Ⅱ,unknown,cn,efinance
燃气Ⅲ,unknown,cn,efinance
物业管理,unknown,cn,efinance
物流,unknown,cn,efinance
物联网,unknown,cn,efinance
特斯拉,unknown,cn,efinance
特种纸,unknown,cn,efinance
特色药,unknown,cn,efinance
特钢Ⅱ,unknown,cn,efinance
特钢Ⅲ,unknown,cn,efinance
特高压,unknown,cn,efinance
独家药品,unknown,cn,efinance
独角兽,unknown,cn,efinance
猪肉概念,unknown,cn,efinance
环保,unknown,cn,efinance
环保设备Ⅱ,unknown,cn,efinance
环保设备Ⅲ,unknown,cn,efinance
环境治理,unknown,cn,efinance
环氧丙烷,unknown,cn,efinance
玻璃制造,unknown,cn,efinance
玻璃基板,unknown,cn,efinance
玻璃玻纤,unknown,cn,efinance
玻纤制造,unknown,cn,efinance
瓷砖地板,unknown,cn,efinance
甘肃板块,unknown,cn,efinance
生态农业,unknown,cn,efinance
生活用纸,unknown,cn,efinance
生物制品,unknown,cn,efinance
生物疫苗,unknown,cn,efinance
生物识别,unknown,cn,efinance
生物质能发电,unknown,cn,efinance
生猪养殖,unknown,cn,efinance
电信运营商,unknown,cn,efinance
电力,unknown,cn,efinance
电力设备,unknown,cn,efinance
电动乘用车,unknown,cn,efinance
电商服务,unknown,cn,efinance
电商概念,unknown,cn,efinance
电子,unknown,cn,efinance
电子化学品Ⅱ,unknown,cn,efinance
电子化学品Ⅲ,unknown,cn,efinance
电子后视镜,unknown,cn,efinance
电子烟,unknown,cn,efinance
电子竞技,unknown,cn,efinance
电子纸概念,unknown,cn,efinance
电子身份证,unknown,cn,efinance
电子车牌,unknown,cn,efinance
电工仪器仪表,unknown,cn,efinance
电机Ⅱ,unknown,cn,efinance
电机Ⅲ,unknown,cn,efinance
电池,unknown,cn,efinance
电池化学品,unknown,cn,efinance
电池技术,unknown,cn,efinance
电网概念,unknown,cn,efinance
电网自动化设备,unknown,cn,efinance
电网设备,unknown,cn,efinance
电能综合服务,unknown,cn,efinance
电视广播Ⅱ,unknown,cn,efinance
电视广播Ⅲ,unknown,cn,efinance
畜禽饲料,unknown,cn,efinance
疫苗,unknown,cn,efinance
病原体防治,unknown,cn,efinance
病毒防治,unknown,cn,efinance
痘病毒防治,unknown,cn,efinance
白色家电,unknown,cn,efinance
白酒,unknown,cn,efinance
白酒Ⅱ,unknown,cn,efinance
白酒Ⅲ,unknown,cn,efinance
白银,unknown,cn,efinance
百元股,unknown,cn,efinance
百度概念,unknown,cn,efinance
百货,unknown,cn,efinance
盲盒经济,unknown,cn,efinance
知识产权,unknown,cn,efinance
短剧互动游戏,unknown,cn,efinance
石墨烯,unknown,cn,efinance
石油石化,unknown,cn,efinance
破净股,unknown,cn,efinance
硅料硅片,unknown,cn,efinance
碳交易,unknown,cn,efinance
碳化硅,unknown,cn,efinance
碳基材料,unknown,cn,efinance
碳纤维,unknown,cn,efinance
磁性材料,unknown,cn,efinance
磁悬浮概念,unknown,cn,efinance
磨具磨料,unknown,cn,efinance
磷化工,unknown,cn,efinance
磷肥及磷化工,unknown,cn,efinance
社会服务,unknown,cn,efinance
社保重仓,unknown,cn,efinance
社区团购,unknown,cn,efinance
福建板块,unknown,cn,efinance
种子,unknown,cn,efinance
种植业,unknown,cn,efinance
科创板做市商,unknown,cn,efinance
科创板做市股,unknown,cn,efinance
租售同权,unknown,cn,efinance
租赁,unknown,cn,efinance
移动支付,unknown,cn,efinance
稀土,unknown,cn,efinance
稀土永磁,unknown,cn,efinance
稀缺资源,unknown,cn,efinance
空气能热泵,unknown,cn,efinance
空调,unknown,cn,efinance
空间站概念,unknown,cn,efinance
空间计算,unknown,cn,efinance
端到端供应链服务,unknown,cn,efinance
第三代半导体,unknown,cn,efinance
第四代半导体,unknown,cn,efinance
算力概念,unknown,cn,efinance
管材,unknown,cn,efinance
粘胶,unknown,cn,efinance
粤港自贸,unknown,cn,efinance
粮油加工,unknown,cn,efinance
粮食概念,unknown,cn,efinance
粮食种植,unknown,cn,efinance
精准医疗,unknown,cn,efinance
精准诊断,unknown,cn,efinance
红利破净股,unknown,cn,efinance
红利股,unknown,cn,efinance
纯碱,unknown,cn,efinance
纳米银,unknown,cn,efinance
纸包装,unknown,cn,efinance
纺织制造,unknown,cn,efinance
纺织化学制品,unknown,cn,efinance
纺织服装设备,unknown,cn,efinance
纺织服饰,unknown,cn,efinance
纺织鞋类制造,unknown,cn,efinance
线下药店,unknown,cn,efinance
线缆部件及其他,unknown,cn,efinance
统一大市场,unknown,cn,efinance
维生素,unknown,cn,efinance
综合,unknown,cn,efinance
综合Ⅱ,unknown,cn,efinance
综合Ⅲ,unknown,cn,efinance
综合乘用车,unknown,cn,efinance
综合包装,unknown,cn,efinance
综合环境治理,unknown,cn,efinance
综合电力设备商,unknown,cn,efinance
综合电商,unknown,cn,efinance
绿色电力,unknown,cn,efinance
网红经济,unknown,cn,efinance
网络安全,unknown,cn,efinance
网络游戏,unknown,cn,efinance
美容护理,unknown,cn,efinance
耐火材料,unknown,cn,efinance
职业教育,unknown,cn,efinance
聚氨酯,unknown,cn,efinance
肉制品,unknown,cn,efinance
肉鸡养殖,unknown,cn,efinance
肝炎概念,unknown,cn,efinance
肝素概念,unknown,cn,efinance
股份制银行Ⅲ,unknown,cn,efinance
股权激励,unknown,cn,efinance
股权转让,unknown,cn,efinance
胎压监测,unknown,cn,efinance
胶黏剂及胶带,unknown,cn,efinance
能源及重型设备,unknown,cn,efinance
能源金属,unknown,cn,efinance
腾讯云,unknown,cn,efinance
膜材料,unknown,cn,efinance
自动化设备,unknown,cn,efinance
自然景区,unknown,cn,efinance
航天航空,unknown,cn,efinance
航天装备Ⅱ,unknown,cn,efinance
航天装备Ⅲ,unknown,cn,efinance
航母概念,unknown,cn,efinance
航海装备Ⅱ,unknown,cn,efinance
航海装备Ⅲ,unknown,cn,efinance
航空机场,unknown,cn,efinance
航空装备Ⅱ,unknown,cn,efinance
航空装备Ⅲ,unknown,cn,efinance
航空运输,unknown,cn,efinance
航运,unknown,cn,efinance
航运港口,unknown,cn,efinance
船舶制造,unknown,cn,efinance
节能环保,unknown,cn,efinance
英伟达概念,unknown,cn,efinance
苹果概念,unknown,cn,efinance
茅指数,unknown,cn,efinance
草甘膦,unknown,cn,efinance
荣耀概念,unknown,cn,efinance
营销代理,unknown,cn,efinance
蓄电池及其他电池,unknown,cn,efinance
蓝宝石,unknown,cn,efinance
虚拟数字人,unknown,cn,efinance
虚拟机器人,unknown,cn,efinance
虚拟现实,unknown,cn,efinance
虚拟电厂,unknown,cn,efinance
蚂蚁概念,unknown,cn,efinance
融资融券,unknown,cn,efinance
血液制品,unknown,cn,efinance
被动元件,unknown,cn,efinance
被动元件概念,unknown,cn,efinance
装修建材,unknown,cn,efinance
装修装饰Ⅱ,unknown,cn,efinance
装修装饰Ⅲ,unknown,cn,efinance
装配建筑,unknown,cn,efinance
裸眼3D,unknown,cn,efinance
西藏板块,unknown,cn,efinance
西部大开发,unknown,cn,efinance
视频媒体,unknown,cn,efinance
计算机,unknown,cn,efinance
计算机设备,unknown,cn,efinance
证券Ⅱ,unknown,cn,efinance
证券Ⅲ,unknown,cn,efinance
证金持股,unknown,cn,efinance
诊断服务,unknown,cn,efinance
调味发酵品Ⅱ,unknown,cn,efinance
调味发酵品Ⅲ,unknown,cn,efinance
调味品概念,unknown,cn,efinance
谷子经济,unknown,cn,efinance
财税数字化,unknown,cn,efinance
贬值受益,unknown,cn,efinance
贵州板块,unknown,cn,efinance
贵金属,unknown,cn,efinance
贸易Ⅱ,unknown,cn,efinance
贸易Ⅲ,unknown,cn,efinance
资产管理,unknown,cn,efinance
资源开采概念,unknown,cn,efinance
超导概念,unknown,cn,efinance
超市,unknown,cn,efinance
超清视频,unknown,cn,efinance
超级品牌,unknown,cn,efinance
超级电容,unknown,cn,efinance
超级真菌,unknown,cn,efinance
超超临界发电,unknown,cn,efinance
跨境支付,unknown,cn,efinance
跨境物流,unknown,cn,efinance
跨境电商,unknown,cn,efinance
车联网(车路云),unknown,cn,efinance
车身附件及饰件,unknown,cn,efinance
轨交设备Ⅱ,unknown,cn,efinance
轨交设备Ⅲ,unknown,cn,efinance
转债标的,unknown,cn,efinance
转基因,unknown,cn,efinance
轮毂电机,unknown,cn,efinance
轮胎轮毂,unknown,cn,efinance
软件开发,unknown,cn,efinance
软饮料,unknown,cn,efinance
轻工制造,unknown,cn,efinance
辅助生殖,unknown,cn,efinance
辅料,unknown,cn,efinance
输变电设备,unknown,cn,efinance
边缘计算,unknown,cn,efinance
辽宁板块,unknown,cn,efinance
运动服装,unknown,cn,efinance
进口博览,unknown,cn,efinance
远程办公,unknown,cn,efinance
退税商店,unknown,cn,efinance
逆变器,unknown,cn,efinance
通信,unknown,cn,efinance
通信工程及服务,unknown,cn,efinance
通信应用增值服务,unknown,cn,efinance
通信技术,unknown,cn,efinance
通信服务,unknown,cn,efinance
通信线缆及配套,unknown,cn,efinance
通信终端及配件,unknown,cn,efinance
通信网络设备及器件,unknown,cn,efinance
通信设备,unknown,cn,efinance
通用航空,unknown,cn,efinance
通用设备,unknown,cn,efinance
造纸,unknown,cn,efinance
造纸印刷,unknown,cn,efinance
配电设备,unknown,cn,efinance
酒店,unknown,cn,efinance
酒店餐饮,unknown,cn,efinance
酿酒概念,unknown,cn,efinance
重庆板块,unknown,cn,efinance
重组蛋白,unknown,cn,efinance
量子科技,unknown,cn,efinance
金属制品,unknown,cn,efinance
金属包装,unknown,cn,efinance
金属新材料,unknown,cn,efinance
金融信息服务,unknown,cn,efinance
金融控股,unknown,cn,efinance
钒电池,unknown,cn,efinance
钙钛矿电池,unknown,cn,efinance
钛白粉,unknown,cn,efinance
钛白粉概念,unknown,cn,efinance
钟表珠宝,unknown,cn,efinance
钠离子电池,unknown,cn,efinance
钢结构,unknown,cn,efinance
钢铁,unknown,cn,efinance
钢铁管材,unknown,cn,efinance
钨,unknown,cn,efinance
钴,unknown,cn,efinance
钼,unknown,cn,efinance
钾肥,unknown,cn,efinance
铁矿石,unknown,cn,efinance
铁路公路,unknown,cn,efinance
铁路基建,unknown,cn,efinance
铁路运输,unknown,cn,efinance
铅锌,unknown,cn,efinance
铜,unknown,cn,efinance
铜缆高速连接,unknown,cn,efinance
铝,unknown,cn,efinance
银行,unknown,cn,efinance
银行Ⅱ,unknown,cn,efinance
锂,unknown,cn,efinance
锂电专用设备,unknown,cn,efinance
锂电池,unknown,cn,efinance
锂电池概念,unknown,cn,efinance
锂矿概念,unknown,cn,efinance
锦纶,unknown,cn,efinance
镍,unknown,cn,efinance
长寿药,unknown,cn,efinance
长期破净,unknown,cn,efinance
长材,unknown,cn,efinance
长江三角,unknown,cn,efinance
门户网站,unknown,cn,efinance
防水材料,unknown,cn,efinance
阿兹海默,unknown,cn,efinance
阿里概念,unknown,cn,efinance
降解塑料,unknown,cn,efinance
陕西板块,unknown,cn,efinance
院线,unknown,cn,efinance
雄安新区,unknown,cn,efinance
雅下水电概念,unknown,cn,efinance
集成电路制造,unknown,cn,efinance
集成电路封测,unknown,cn,efinance
零售概念,unknown,cn,efinance
零食,unknown,cn,efinance
青海板块,unknown,cn,efinance
青蒿素,unknown,cn,efinance
非白酒,unknown,cn,efinance
非运动服装,unknown,cn,efinance
非金属材料Ⅱ,unknown,cn,efinance
非金属材料Ⅲ,unknown,cn,efinance
非银金融,unknown,cn,efinance
面板,unknown,cn,efinance
鞋帽及其他,unknown,cn,efinance
页岩气,unknown,cn,efinance
预制菜概念,unknown,cn,efinance
预加工食品,unknown,cn,efinance
风力发电,unknown,cn,efinance
风电整机,unknown,cn,efinance
风电设备,unknown,cn,efinance
风电零部件,unknown,cn,efinance
风能,unknown,cn,efinance
飞行汽车(eVTOL),unknown,cn,efinance
食品加工,unknown,cn,efinance
食品及饲料添加剂,unknown,cn,efinance
食品安全,unknown,cn,efinance
食品饮料,unknown,cn,efinance
食用菌,unknown,cn,efinance
餐饮,unknown,cn,efinance
饮料乳品,unknown,cn,efinance
饰品,unknown,cn,efinance
饲料,unknown,cn,efinance
首发经济,unknown,cn,efinance
高压快充,unknown,cn,efinance
高带宽内存,unknown,cn,efinance
高速公路,unknown,cn,efinance
鸡肉概念,unknown,cn,efinance
鸿蒙概念,unknown,cn,efinance
麒麟电池,unknown,cn,efinance
黄金,unknown,cn,efinance
黄金概念,unknown,cn,efinance
黑色家电,unknown,cn,efinance
黑龙江,unknown,cn,efinance
